gene	2_p_val	2_avg_log2FC	2_pct.1	2_pct.2	2_p_val_adj	1_p_val	1_avg_log2FC	1_pct.1	1_pct.2	1_p_val_adj	3_p_val	3_avg_log2FC	3_pct.1	3_pct.2	3_p_val_adj	max_pval	minimump_p_val	lec_type
mt-Co1	3.919004735962529e-18	0.6503002682067538	0.977	0.85	8.173084376849855e-14	2.2413234438539687e-22	0.6795518271794396	0.939	0.745	4.674280042157452e-18	1.3016332629927296e-21	0.4721939812638061	0.98	0.875	2.7145561699713374e-17	3.919004735962529e-18	6.723970331561898e-22	unassigned-LEC
mt-Atp6	2.0436611498870984e-16	0.560106200328196	0.977	0.867	4.262055328089544e-12	1.900359656696391e-22	0.5180426943156555	0.963	0.836	3.963200064040324e-18	4.8885269920322897e-17	0.3624217520149684	0.98	0.897	1.019502304188334e-12	2.0436611498870984e-16	5.701078970089143e-22	unassigned-LEC
mt-Nd4	6.998053896632544e-17	0.621025337789598	0.977	0.817	1.459444140142717e-12	9.784164845526155e-21	0.5795566726919348	0.915	0.782	2.0404875785344795e-16	3.655091913700039e-16	0.45020077082182075	0.98	0.84	7.622694186021431e-12	3.655091913700039e-16	2.935249453657844e-20	unassigned-LEC
mt-Co3	2.7402004078622374e-17	0.5141448153659578	1	0.908	5.714687950596696e-13	3.548769746554188e-21	0.45402108441022593	0.951	0.885	7.400959306438758e-17	4.829414286748616e-15	0.3406608657619561	0.98	0.897	1.0071743495014237e-10	4.829414286748616e-15	1.0646309239662542e-20	unassigned-LEC
mt-Co1	5.36056530469278e-13	0.5136440965338207	1	0.928	1.1179458942936793e-8	2.1501531993354105e-17	0.4941005245118184	1	0.894	4.4841444972139987e-13	1.5852932625166208e-18	0.4797475902848536	1	0.876	3.3061290989784126e-14	5.36056530469278e-13	4.755879787549841e-18	Marco_LEC
mt-Atp6	2.064496156369351e-12	0.5021660782991701	1	0.913	4.305506734108282e-8	4.625357142756693e-17	0.4525286148004577	1	0.92	9.646182321219083e-13	1.1155107535688823e-18	0.46333368788423	1	0.876	2.3263976765679042e-14	2.064496156369351e-12	3.346532260706637e-18	Marco_LEC
mt-Co2	3.460661737995235e-15	0.5799935613687763	1	0.825	7.217210054589063e-11	6.2759976550961815e-21	0.5417038246600998	0.963	0.794	1.3088593109703086e-16	2.8898180948096707e-12	0.3579631901691429	1	0.875	6.026715636725569e-8	2.8898180948096707e-12	1.882799296528856e-20	unassigned-LEC
mt-Nd4	4.123326862077979e-12	0.5778339224741575	1	0.87	8.599198170863625e-8	3.426181330636487e-17	0.5533884575614989	1	0.876	7.145301165042393e-13	1.7877597647538564e-17	0.5326860148373793	1	0.845	3.7283729893941674e-13	4.123326862077979e-12	5.3632792942615474e-17	Marco_LEC
mt-Co3	1.1244631023763036e-11	0.4699712480144349	1	0.942	2.345067800005781e-7	5.656157130161145e-17	0.44739551007787437	1	0.929	1.1795915694951067e-12	1.9278425595068013e-18	0.4483869493935826	1	0.891	4.020515657851434e-14	1.1244631023763036e-11	5.7835276785204e-18	Marco_LEC
mt-Co2	1.452410245779631e-11	0.5529315430415433	1	0.855	3.0290015675734203e-7	1.6819446262083263e-15	0.4276840994940536	1	0.929	3.5076955179574646e-11	3.903958242663639e-17	0.476392984449332	1	0.845	8.141704915075019e-13	1.452410245779631e-11	1.1711874727990928e-16	Marco_LEC
mt-Nd2	3.09220733464701e-11	0.6707103303078266	1	0.797	6.44879839640634e-7	1.6072220478682954e-16	0.5776802809754711	1	0.867	3.3518615808293303e-12	1.4464911071173098e-12	0.591426100018265	0.918	0.667	3.01665720389315e-8	3.09220733464701e-11	4.821666143604866e-16	Marco_LEC
Gm26917	3.2105333511171756e-11	1.1563681298815611	0.849	0.449	6.69556730375487e-7	3.3595985026828175e-16	0.9450252670786564	0.925	0.531	7.006442677345016e-12	3.76584674954185e-19	1.0074930796868409	0.882	0.496	7.853673396169529e-15	3.2105333511171756e-11	1.1297540248625552e-18	Marco_LEC
Gast	6.441048281343997e-11	0.21596892970713563	0.136	0.008	1.3432806190742907e-6	1.4754179048746024e-14	0.18829749662593173	0.143	0.007	3.0769840406159835e-10	8.895363104072026e-29	0.2942870337951981	0.154	0.006	1.855127975354221e-24	6.441048281343997e-11	2.6686089312216137e-28	FRC
mt-Nd1	2.7005450410557025e-10	0.6317846880949889	1	0.754	5.6319866831216675e-6	3.354343024691018e-13	0.47722580416663773	1	0.894	6.995482377993118e-9	1.2539597019747643e-10	0.44602178858898167	0.927	0.775	2.615132958468371e-6	2.7005450410557025e-10	1.0063029074069675e-12	Marco_LEC
mt-Co1	6.811263708087415e-10	0.26479036654476173	1	0.985	1.4204890463216304e-5	5.860547435590295e-11	0.36045616801166513	1	0.97	1.222217167692356e-6	6.619238903681385e-11	0.2598267978446098	1	0.987	1.3804422733627527e-6	6.811263708087415e-10	1.7581642305740502e-10	FRC
Mafb	1.719250714862503e-9	0.9862684038949373	0.623	0.101	3.58549736584575e-5	3.1560188295014965e-11	0.8795724739926305	0.562	0.159	6.581877268925371e-7	4.5114279498775177e-13	0.9177346279305421	0.555	0.132	9.408582989469563e-9	1.719250714862503e-9	1.3534283849626484e-12	Marco_LEC
Prox1	9.67577292959614e-10	1.1349536107722693	0.717	0.232	2.017882444467275e-5	2.0407996256845632e-09	0.795978093457213	0.688	0.407	4.256087619365157e-5	3.123603836277832e-11	0.8194403064024975	0.664	0.341	6.514275800557419e-7	2.0407996256845632e-09	9.370811508540804e-11	Marco_LEC
mt-Cytb	4.51348576517442e-9	0.5333699126501983	0.981	0.812	9.412874563271252e-5	3.131783369139235e-16	0.47869996387706637	1	0.929	6.531334216339874e-12	2.051027764508001e-15	0.5241307253251435	0.982	0.822	4.277418402881436e-11	4.51348576517442e-9	9.39535010741766e-16	Marco_LEC
Zfp36l1	8.631433462484627e-9	0.732285907157564	0.792	0.565	1.8000854486011688e-4	2.464927361405937e-11	0.6122071999998748	0.887	0.646	5.140606012212082e-7	3.1136404634301572e-12	0.5583479450873059	0.8	0.628	6.493497186483593e-8	8.631433462484627e-9	9.340921390261388e-12	Marco_LEC
Malat1	1.7493596454553807e-8	0.36597934714117786	1	0.957	3.6482895405971967e-4	2.673947799062256e-13	0.2616401860132114	1	0.982	5.5765181349443355e-9	1.2749611302677683e-21	0.3195295279466288	1	0.977	2.6589314371734308e-17	1.7493596454553807e-8	3.824883390803298e-21	Marco_LEC
Lars2	2.532932084307535e-8	0.8467029312926453	0.811	0.507	5.282429861823364e-4	4.0370239457744627e-11	0.7624671160075615	0.762	0.513	8.419213438912642e-7	4.218094377716859e-10	0.7127520066941468	0.709	0.419	8.796835824728509e-6	2.532932084307535e-8	1.2111071836834464e-10	Marco_LEC
9930111J21Rik2	2.685393017731397e-8	0.789531354051403	0.849	0.522	5.600387138478828e-4	1.9106655268154652e-11	0.6344537623087536	0.863	0.628	3.984692956173653e-7	1.4580487383504498e-12	0.6935160369020937	0.8	0.55	3.040760643829863e-8	2.685393017731397e-8	4.3741462150449695e-12	Marco_LEC
Taf4b	1.690775602058514e-8	0.9456300895052002	0.585	0.116	3.526112518093031e-4	1.7629783649780648e-12	0.8909094056130589	0.562	0.124	3.676691380161754e-8	3.992723813281017e-8	0.6631298850736929	0.409	0.109	8.32682551259756e-4	3.992723813281017e-8	5.288935094924881e-12	Marco_LEC
Gm42418	1.1620742231349035e-7	0.2455818782608934	1	1	0.0024235057923478413	3.4183427057847015e-12	0.23359443724701956	1	1	7.128953712913995e-8	7.00765597397891e-20	0.21900371333466317	1	1	1.4614466533733017e-15	1.1620742231349035e-7	2.1022967921936636e-19	Marco_LEC
Iqcn	1.9258341346581882e-7	0.7735578862373077	0.377	0.014	0.004016327087829652	5.2182858270443395e-11	0.7915893932327303	0.412	0.035	1.088273509230097e-6	1.1652236121454955e-11	0.8143059649945845	0.4	0.039	2.430073843129431e-7	1.9258341346581882e-7	3.495670836395757e-11	Marco_LEC
mt-Co3	1.976558760015873e-7	0.20967432375213857	1	0.989	0.004122113294013103	1.6258878871924583e-8	0.25975795076901775	1	0.983	3.390789188739872e-4	2.0293822895855085e-8	0.21032924977118972	1	0.99	4.232276764930578e-4	1.976558760015873e-7	4.8776635822720395e-8	FRC
mt-Nd4	2.0378521873784658e-7	0.27464189909396675	1	0.981	0.0042499407367777905	1.879185248431115e-8	0.31085214250745774	1	0.972	3.9190408356030906e-4	5.113748788985983e-8	0.24030379698962068	0.974	0.979	0.0010664723099430267	2.0378521873784658e-7	5.6375556393532426e-8	FRC
mt-Cytb	4.530786057320778e-13	0.4538200844538247	0.977	0.842	9.448954322542483e-9	8.011369423243341e-14	0.4059554741038345	0.927	0.812	1.670771093217399e-9	2.0578495208924027e-7	0.32678427871709337	0.98	0.843	0.004291645175821106	2.0578495208924027e-7	2.403410826972811e-13	unassigned-LEC
Ttn	5.351631995655088e-12	0.317030996022796	0.227	0.019	1.1160828526938687e-7	2.2123930998758858e-7	0.3808520401797384	0.179	0.025	0.00461394580979116	1.9661090812913607e-18	0.2841301270137932	0.205	0.017	4.1003204890331326e-14	2.2123930998758858e-7	5.898327243874049e-18	FRC
mt-Atp6	3.9231404491084545e-7	0.2054900803966131	1	0.989	0.008181709406615683	1.0054421820805146e-10	0.2757268834560218	1	0.984	2.0968496707289133e-6	9.571935866266203e-10	0.21511630801575476	1	0.99	1.9962272249098167e-5	3.9231404491084545e-7	3.0163265459382683e-10	FRC
Gm26917	1.689665527584693e-8	0.7212629555210015	0.864	0.472	3.523797457777878e-4	4.3336680292247925e-7	0.6703753480153508	0.786	0.533	0.009037864674948305	3.8238632431144997e-7	0.6257522614496963	0.718	0.459	0.007974666793515288	4.3336680292247925e-7	5.068996497105007e-8	FRC
mt-Nd5	3.607651814246245e-8	0.7512522184318406	0.887	0.609	7.523757858610544e-4	9.293221865043322e-14	0.6867094483028509	0.938	0.743	1.9381014199547845e-9	4.6149394992847666e-7	0.49869447641210374	0.736	0.605	0.00962445632575838	4.6149394992847666e-7	2.787966559512742e-13	Marco_LEC
Slfn5	1.5654196283432823e-8	0.5574061330944713	0.906	0.754	3.264682634909915e-4	7.60223586011734e-7	0.2803609007808867	0.95	0.858	0.015854462886274713	4.358042297018793e-13	0.43811472883337155	0.918	0.798	9.088697210432694e-9	7.60223586011734e-7	1.307412689105068e-12	Marco_LEC
mt-Co2	7.797735928204523e-7	0.1981897739438705	1	0.983	0.016262178278270534	5.119542344616867e-8	0.26919618889220676	1	0.976	0.0010676805559698477	1.1836117866851958e-8	0.2218002415313891	1	0.985	2.468422381131976e-4	7.797735928204523e-7	3.550835318027482e-8	FRC
Zbtb20	2.6726817281145065e-7	0.8357788791944616	0.736	0.377	0.005573877743982803	7.804190405487716e-7	0.5730814838859603	0.713	0.584	0.016275639090644632	2.6869054535953812e-8	0.6735019727154121	0.636	0.426	5.603541323473168e-4	7.804190405487716e-7	8.060716144202338e-8	Marco_LEC
Ttn	2.0952648385911081e-7	0.9576583808711052	0.491	0.087	0.004369674820881756	1.5890869528291682e-6	0.5711624379897366	0.4	0.097	0.033140408401252305	4.296524512357563e-9	0.7114189986511393	0.336	0.047	8.960401870521699e-5	1.5890869528291682e-6	1.2889573481692335e-8	Marco_LEC
mt-Co2	7.393088892511768e-7	0.31104073613906014	1	0.966	0.015418286885333293	1.910041417185126e-6	0.3032677644954731	1	0.945	0.0398339137553958	2.049826308393046e-6	0.2808764139352986	1	0.968	0.042749127661536976	2.049826308393046e-6	2.2179250280210315e-6	PvC
mt-Atp6	3.9471922488510026e-8	0.33030156097700747	1	0.981	8.231869434978766e-4	9.094901755642447e-7	0.3112560408422733	1	0.957	0.018967417611392322	2.1862674782492336e-6	0.26189339211833174	1	0.971	0.04559460825888777	2.1862674782492336e-6	1.1841576279143217e-7	PvC
Hist1h1d	2.865604200495916e-6	0.7849660138464949	0.358	0.029	0.059762175601342324	1.8354567621168783e-9	0.8018268028687946	0.438	0.071	3.8278450773947495e-5	3.7170306732943864e-13	0.8583583825781254	0.427	0.031	7.751867469155442e-9	2.865604200495916e-6	1.115109201987902e-12	Marco_LEC
AI662270	3.976509401428242e-6	0.7084660311026763	0.415	0.058	0.08293010356678598	1.8476473375941224e-7	0.6122546473453334	0.35	0.053	0.0038532685225525424	1.252707198706802e-9	0.6830603203012864	0.391	0.062	2.6125208629030357e-5	3.976509401428242e-6	3.75812159141259e-9	Marco_LEC
mt-Co3	3.6114537309282954e-7	0.3018157876415004	1	0.981	0.00753168675585096	1.3179945326755331e-6	0.2959958562325591	1	0.962	0.027486775978948243	5.8025120721336174e-06	0.19755675109904214	0.947	0.971	0.1210113892643466	5.8025120721336174e-06	1.0834357280005932e-6	PvC
mt-Nd4	4.8836185295206795e-8	0.44689677979215725	1	0.966	0.0010184786443315377	8.124012918774515e-6	0.3474026196563422	1	0.938	0.16942628942104251	4.194455692900115e-6	0.3249112500970577	0.947	0.955	0.0874753734754319	8.124012918774515e-6	1.4650854873070142e-7	PvC
Lpar6	9.63261637324563e-9	0.9385041496822323	0.472	0.029	2.0088821446403763e-4	6.14385630941515e-8	0.6837181407331989	0.362	0.062	0.0012813012333285296	1.353569856097975e-5	0.5428172406548579	0.3	0.093	0.2822869934892327	1.353569856097975e-5	2.8897848841375e-8	Marco_LEC
Mfsd13a	1.3787014237254666e-5	0.5523605976096917	0.318	0.079	0.28752818191794605	1.944170807879099e-8	0.35108633122722166	0.321	0.062	4.054568219831861e-4	9.128551303434955e-10	0.341199448838737	0.256	0.048	1.90375937433136e-5	1.3787014237254666e-5	2.738565388530581e-9	FRC
mt-Nd2	5.3672821450835386e-14	0.6815065375044664	0.977	0.692	1.119346691357172e-9	9.334037338330082e-13	0.48286957379075934	0.878	0.721	1.9466134869087386e-8	1.437636449909574e-5	0.3198051824148185	0.902	0.785	0.2998190816286416	1.437636449909574e-5	1.6101846435249764e-13	unassigned-LEC
Zbtb5	6.267152036404961e-9	1.0240519188858075	0.585	0.116	1.3070145571922545e-4	1.62218821912776e-5	0.6053728521165086	0.4	0.159	0.3383073530990943	4.3704048336584924e-10	0.7763133816533961	0.436	0.093	9.114479280594786e-6	1.62218821912776e-5	1.3111214495245349e-9	Marco_LEC
mt-Co1	1.619434913495764e-8	0.3841614796371715	1	0.967	3.377331512095415e-4	6.144045376967985e-7	0.38042795462874857	1	0.936	0.012813406633666731	1.8846727349332102e-5	0.2562222609679332	0.947	0.966	0.393048498870321	1.8846727349332102e-5	4.858304661810222e-8	PvC
Pcdh17	1.066304126618153e-5	0.8156661314893185	0.528	0.188	0.2223777256062158	1.9153495704704095e-5	0.5833708011678606	0.562	0.327	0.3994461529216039	2.906213404678527e-7	0.6431313388034715	0.591	0.333	0.006060908055457068	1.9153495704704095e-5	8.718637680212916e-7	Marco_LEC
Rbms1	2.0674392919709006e-5	0.39980719403501963	0.83	0.681	0.4311644643405313	8.721306867260345e-6	0.3329033628544329	0.838	0.735	0.1818828547167145	6.95138434620628e-6	0.31897929940938674	0.782	0.682	0.14497112054013198	2.0674392919709006e-5	2.085400807372174e-5	Marco_LEC
mt-Cytb	1.2543784231387402e-5	0.205297475504854	1	0.984	0.2616006201455843	2.216143421078046e-8	0.2599959312570541	1	0.977	4.6217671046582654e-4	2.617489739044127e-5	0.18189574332013825	1	0.982	0.5458774850776527	2.617489739044127e-5	6.6484301158954e-8	FRC
mt-Nd4l	3.3051947396260095e-5	0.6501959141118208	0.717	0.464	0.6892983629490043	1.9046377048302696e-12	0.8901540591136418	0.775	0.398	3.972121933423527e-8	1.1657815563846355e-5	0.5500403664381253	0.564	0.357	0.24312374358401573	3.3051947396260095e-5	5.713913114479941e-12	Marco_LEC
mt-Nd5	2.593847440086981e-10	0.8090366181056856	0.814	0.458	5.4094688363013985e-6	3.10616188260607e-11	0.6365153390144471	0.744	0.527	6.477900606174958e-7	3.3474037057725884e-5	0.42106354063822593	0.745	0.61	0.6981010428388733	3.3474037057725884e-5	9.318485647528763e-11	unassigned-LEC
Marco	9.524801097821957e-8	0.9612309745055858	0.472	0.058	0.001986397268950769	2.648840759731594e-7	0.7550782311735378	0.45	0.124	0.0055241574044202395	4.5879487997165307e-5	0.5686262812793706	0.355	0.14	0.9568167221808824	4.5879487997165307e-5	2.8574400571810854e-7	Marco_LEC
mt-Co1	4.6743898347217703e-5	0.6325157367963876	1	0.91	0.9748440000312252	8.323835710548401e-7	0.6043764922820358	0.905	0.844	0.01735935937434869	2.8701722331623904e-11	0.41710461568879653	0.913	0.906	5.985744192260165e-7	4.6743898347217703e-5	8.610516699240035e-11	BEC
mt-Nd1	3.360336011660983e-6	0.3838882391647567	1	0.961	0.0700798075231898	5.893695449624822e-5	0.32563583477394054	1	0.929	1	4.943261911375155e-7	0.3732604579434906	1	0.943	0.010309172716172885	5.893695449624822e-5	1.482977840337517e-6	PvC
Olfr920	4.776219089322984e-5	0.6277902411802884	0.434	0.101	0.9960804910783083	8.364614344982345e-5	0.5666017947908804	0.362	0.15	1	6.026767691119405e-8	0.6713162496841413	0.4	0.116	0.0012568824019829519	8.364614344982345e-5	1.8080301983700347e-7	Marco_LEC
Prickle2	1.1807017601031539e-4	0.674867339514164	0.491	0.188	1	6.936855267017022e-6	0.48165437487105045	0.4	0.115	0.14466811659363998	1.4659567642105853e-9	0.724414114497695	0.473	0.109	3.057252831761176e-5	1.1807017601031539e-4	4.39787028618467e-9	Marco_LEC
mt-Cytb	5.565676941629646e-7	0.34007016149497726	1	0.972	0.011607219261768626	4.2730551861677494e-6	0.31757370363781234	1	0.947	0.08911456590752842	1.3839765825645082e-4	0.23782173865670364	0.947	0.963	1	1.3839765825645082e-4	1.6697021531862722e-6	PvC
Ubn2	1.2948919617230073e-4	0.7044581115167665	0.566	0.304	1	1.278896275931968e-5	0.6082464154504642	0.575	0.336	0.2667138183456119	1.744238957382638e-4	0.5062431504633079	0.509	0.326	1	1.744238957382638e-4	3.836639760734538e-5	Marco_LEC
Cd59a	1.354181140666026e-13	0.6315096544472292	0.312	0.023	2.824144768858997e-9	1.0608268862142462e-6	0.2827458806448573	0.214	0.021	0.022123544711998105	3.0679325922497734e-4	0.1867883607496971	0.158	0.025	1	3.0679325922497734e-4	4.062543421997536e-13	PvC
Spock2	2.2433979796840712e-7	0.19596101232600535	0.188	0.017	0.0046786064866311304	2.3861639169966764e-9	0.29506312902135196	0.214	0.015	4.976344848896569e-5	3.2333497162266236e-4	0.21067879152460406	0.105	0.012	1	3.2333497162266236e-4	7.158491733908714e-9	PvC
Ddx17	3.373107511145434e-4	0.5061493861739325	0.66	0.493	1	2.0957873117116065e-4	0.39181639830948556	0.688	0.593	1	3.1112900155556782e-6	0.4881424146126171	0.664	0.566	0.06488595327441367	3.373107511145434e-4	9.333841006320467e-6	Marco_LEC
Kyat3	1.8274517704687772e-5	0.29995493806017254	0.273	0.061	0.3811150667312635	3.957668478758199e-7	0.2611685451749447	0.286	0.061	0.008253717612450223	3.6388187013017834e-4	0.17573795367147738	0.154	0.041	1	3.6388187013017834e-4	1.1873000737333279e-6	FRC
Kctd12	4.0500471808052737e-4	0.6832929638898528	0.547	0.29	1	3.1740137635847323e-4	0.5012700708020756	0.525	0.327	1	3.9787065389334034e-4	0.5330270393132113	0.464	0.31	1	4.0500471808052737e-4	9.519019301504448e-4	Marco_LEC
F830016B08Rik	4.04903434502631e-5	0.47766741151788716	0.811	0.681	0.844426112655237	4.974880746381615e-4	0.3522596508430691	0.75	0.637	1	2.2973237596895488e-11	0.5619010827652011	0.818	0.643	4.791068700832554e-7	4.974880746381615e-4	6.89197127891033e-11	Marco_LEC
mt-Nd4l	2.886093123931585e-6	0.7587278884647596	0.605	0.358	0.0601894720995932	4.634229395311029e-5	0.5056065505646876	0.524	0.388	0.9664685403921152	6.206925776091811e-4	0.4856865726905517	0.529	0.378	1	6.206925776091811e-4	8.658254383218226e-6	unassigned-LEC
Prickle2	1.199384516660604e-8	0.623781735029323	0.5	0.124	2.50131640949569e-4	6.207536479092241e-4	0.2923491459114833	0.357	0.143	1	1.0612245553720297e-8	0.4912655340218638	0.333	0.086	2.213183810228368e-4	6.207536479092241e-4	3.1836736323301674e-8	FRC
Hhex	8.115207568654705e-4	0.21036534496696302	0.125	0.017	1	5.0847836356315165e-9	0.23896687211655884	0.286	0.026	1.0604316272109528e-4	1.436505232502238e-8	0.21200336681078039	0.211	0.02	2.9958316623834174e-4	8.115207568654705e-4	1.5254350829329473e-8	PvC
2810006K23Rik	8.155034567941262e-4	0.4041690307005497	0.189	0.014	1	5.500328053576875e-4	0.40730998679758623	0.2	0.044	1	1.1340109829904555e-4	0.45112626240926584	0.218	0.054	1	8.155034567941262e-4	3.401647169281668e-4	Marco_LEC
mt-Atp6	8.404998023585838e-4	0.5172867047405671	1	0.93	1	4.5402934142635344e-7	0.4818260476438976	0.952	0.901	0.009468781915446601	1.6294264506042626e-9	0.31934924272070253	0.913	0.924	3.39816886273519e-5	8.404998023585838e-4	4.8882793438477096e-9	BEC
Ldb3	2.7784030956333776e-5	0.27067063721394563	0.188	0.024	0.5794359655943409	8.789276554910679e-4	0.21087541947038735	0.143	0.019	1	6.366192939327119e-5	0.2195532741598724	0.158	0.022	1	8.789276554910679e-4	8.334977703332061e-5	PvC
Cxcl2	6.786940018720908e-5	0.6024686001159936	0.591	0.251	1	3.339696123431076e-7	0.5645908881161773	0.607	0.215	0.00696493626541551	8.998821908986589e-4	0.4536855602638511	0.436	0.235	1	8.998821908986589e-4	1.001908502422254e-6	FRC
Hap1	7.889901434910236e-7	0.8310955432714907	0.698	0.406	0.0164543894425053	9.237699226311071e-4	0.4071504510760703	0.6	0.46	1	8.145753536340779e-9	0.6769648977839878	0.655	0.395	1.6987969000038694e-4	9.237699226311071e-4	2.44372604099625e-8	Marco_LEC
Gmeb1	0.0012485589094497324	0.6451248854762784	0.34	0.13	1	3.0519086644307273e-7	0.7644942478306068	0.425	0.124	0.006364755519670282	3.635775934571103e-6	0.6024468459459512	0.291	0.078	0.07582410711548035	0.0012485589094497324	9.155723199048511e-7	Marco_LEC
mt-Nd1	7.097986806288536e-12	0.6343992277757693	0.977	0.692	1.4802851484514742e-7	3.167530595535349e-11	0.45966522416999633	0.915	0.727	6.605885056988969e-7	0.0012728001503324573	0.25433921388142045	0.941	0.807	1	0.0012728001503324573	2.1293960418714457e-11	unassigned-LEC
Sh3bgr	3.517950946063661e-18	0.5876331703345706	0.312	0.017	7.336686698015765e-14	3.959746039891323e-8	0.41372540893178716	0.214	0.017	8.258050366193355e-4	0.0013582911885967153	0.2398418207885768	0.105	0.015	1	0.0013582911885967153	1.0553852838190975e-17	PvC
mt-Nd1	0.001561332614379871	0.17963118390978527	1	0.977	1	3.564172133455238e-5	0.24253124930015169	1	0.97	0.7433080984320899	0.0012076093148677526	0.16359820380386703	1	0.978	1	0.001561332614379871	1.069213530520348e-4	FRC
mt-Co2	0.0016702884854398613	0.5567527565662915	1	0.908	1	1.5584175170559066e-5	0.45351933615396267	0.905	0.863	0.32500797318200936	5.931295237653685e-7	0.2570927771567426	0.87	0.911	0.01236971621812676	0.0016702884854398613	1.7793875158884185e-6	BEC
Rif1	1.9387832893138932e-4	0.6534107436845257	0.453	0.188	1	4.585089081644955e-6	0.6481144180340044	0.5	0.221	0.09562203279770552	0.0016828785501554473	0.4312558937429281	0.345	0.186	1	0.0016828785501554473	1.3755204175905588e-5	Marco_LEC
Igfbp4	2.0280607868976486e-4	0.4839776488312476	0.375	0.106	1	0.002326381292923997	0.2851642447360958	0.429	0.141	1	1.7070316783200174e-4	0.5739030540409915	0.474	0.168	1	0.002326381292923997	5.120220897556985e-4	PvC
Gipc2	1.837366615577091e-4	0.4324975791644443	0.189	0	1	0.002366486299011712	0.22754914364243467	0.15	0.027	1	0.0018127373590706216	0.30683463536074185	0.127	0.023	1	0.002366486299011712	5.511087133935217e-4	Marco_LEC
Pgm5	7.670633392376601e-9	0.34063585315363787	0.25	0.024	1.59971059398014e-4	1.8315707292869909e-4	0.24546342631337972	0.143	0.016	1	0.0023799473375046647	0.16274201630822055	0.105	0.016	1	0.0023799473375046647	2.3011900000613976e-8	PvC
mt-Nd2	0.002566537333763707	0.18341735191891262	1	0.972	1	1.1565479643638328e-4	0.2649006753554426	1	0.964	1	7.713404819788622e-4	0.20863647310316047	0.974	0.957	1	0.002566537333763707	3.4692426276033614e-4	FRC
Il11	0.002806988064976668	0.35847226979766833	0.226	0.043	1	0.0014362570593814802	0.3190058763866262	0.188	0.044	1	9.744486925961213e-6	0.5008247120605944	0.236	0.047	0.20322127484092112	0.002806988064976668	2.9233175913732555e-5	Marco_LEC
Zfp36l1	0.0028164970906655127	0.245998851326378	1	0.934	1	4.974381563207436e-4	0.22090244947561066	0.964	0.93	1	0.0017721378643397194	0.16358632024629305	0.974	0.938	1	0.0028164970906655127	0.001491572257892585	FRC
Pard3b	7.080966877865499e-4	0.673936104660337	0.34	0.116	1	0.0029047329974300536	0.48259749155128184	0.388	0.248	1	7.582531647086838e-5	0.41614066569638847	0.236	0.062	1	0.0029047329974300536	2.2745870141270745e-4	Marco_LEC
Nrp2	3.8554324750365333e-4	0.5612861802792659	0.66	0.493	1	4.775439442220733e-4	0.4185245063121511	0.625	0.487	1	0.0029473456706941266	0.3839481321385745	0.536	0.442	1	0.0029473456706941266	0.0011561838690324075	Marco_LEC
Cped1	5.126925539194445e-9	0.31099653060528326	0.312	0.037	1.0692203211990015e-4	0.003183065597018239	0.2218181370378023	0.214	0.047	1	0.0019983058677663997	0.28031087732316184	0.158	0.033	1	0.003183065597018239	1.5380776538727243e-8	PvC
Hmgcs1	3.58637756705187e-4	0.7000314401374107	0.358	0.116	1	2.3401426787535284e-4	0.4629123294168601	0.312	0.115	1	0.003234309177076777	0.42375835691515695	0.245	0.116	1	0.003234309177076777	7.018785284085995e-4	Marco_LEC
Mtmr4	0.0033839033156396114	0.48276778028350825	0.208	0.043	1	1.909349763139304e-5	0.4730617622427605	0.212	0.027	0.39819489310270184	2.0486588656535283e-5	0.45248030731932143	0.2	0.031	0.42724780643204335	0.0033839033156396114	5.7279399216184455e-5	Marco_LEC
Psme2b	1.716336484237677e-4	0.6233066275968299	0.434	0.159	1	0.0034669647303308317	0.455273131972703	0.325	0.186	1	1.324817052453058e-9	0.7697718962908553	0.482	0.171	2.7629059628908523e-5	0.0034669647303308317	3.974451152093764e-9	Marco_LEC
Rbms3	0.0038763288670027552	0.49613873093730476	0.682	0.552	1	0.0030870061216432183	0.351938450037395	0.75	0.563	1	2.778095712131675e-4	0.33109923271129305	0.744	0.534	1	0.0038763288670027552	8.331972006067608e-4	FRC
mt-Co3	0.004171294337506166	0.5031570961051575	1	0.94	1	3.840741935649114e-7	0.5206854632170121	1	0.896	0.008009867306796228	8.490971841126297e-10	0.3401954376217904	0.935	0.925	1.770792177466889e-5	0.004171294337506166	2.547291550174991e-9	BEC
Tspan2	0.004374561795958087	0.15164582973601573	0.125	0.022	1	2.386909767855115e-4	0.15852487823802847	0.143	0.016	1	3.082887009538419e-4	0.17468376329107535	0.158	0.026	1	0.004374561795958087	7.1590202380837e-4	PvC
Cd79b	0.004421591600671498	0.30569470153998873	0.113	0	1	0.0032162780816597475	0.20961262395444014	0.1	0.009	1	5.395578720243726e-4	0.2874483261105217	0.109	0.008	1	0.004421591600671498	0.0016178004050588705	Marco_LEC
Klkb1	0.004542781371221227	0.2787932205358434	0.151	0.014	1	2.1328497112153423e-5	0.4339650200842462	0.212	0.027	0.44480580727395963	0.001754241716026445	0.21159564198485759	0.145	0.031	1	0.004542781371221227	6.398412663179552e-5	Marco_LEC
Prpf4	0.004750403607153297	0.6087779983792665	0.34	0.159	1	6.066235675969918e-4	0.4808367729351606	0.4	0.212	1	4.2776639268721324e-5	0.5643639021726616	0.345	0.155	0.8921068119491832	0.004750403607153297	1.283244283618369e-4	Marco_LEC
Gramd1c	0.0033497899174044312	0.3885514830094777	0.189	0.029	1	0.004816373700111067	0.19885396865476557	0.112	0.018	1	5.199941341065483e-5	0.3987169434667001	0.191	0.031	1	0.004816373700111067	1.559901285555824e-4	Marco_LEC
Gm42418	0.006162450629068995	0.20962466040836514	1	0.994	1	2.738722735767758e-7	0.2547507703753693	1	0.988	0.005711606265443659	6.6585322732462535e-9	0.1739924582641974	1	0.995	1.388636905585506e-4	0.006162450629068995	1.9975596686730592e-8	BEC
Epas1	0.005546235292531117	0.42383268129163126	0.396	0.174	1	0.004948991372183517	0.3741679354817122	0.412	0.248	1	0.0064922764716633516	0.3644327591944262	0.409	0.295	1	0.0064922764716633516	0.01477361778299311	Marco_LEC
Gm26917	0.006702703522856869	0.6596724499426119	0.419	0.258	1	3.782800256388605e-6	0.7154416232204494	0.488	0.242	0.07889029934698435	8.50132238033408e-12	0.985791526753645	0.667	0.302	1.7729507824186726e-7	0.006702703522856869	2.5503967140785457e-11	unassigned-LEC
mt-Nd4	0.006749298607261592	0.6311272405024633	1	0.896	1	2.3319426349756848e-4	0.48122188380856357	0.81	0.843	1	2.355559654223275e-11	0.4505646946951214	0.913	0.895	4.912519658882641e-7	0.006749298607261592	7.066678962503376e-11	BEC
Kyat3	0.007338199649916865	0.41037494689069265	0.226	0.058	1	5.962642216839122e-8	0.5609470286279308	0.325	0.035	0.001243509034321799	3.2315043502666345e-7	0.4746955058494202	0.227	0.016	0.006739302322481066	0.007338199649916865	1.7887925583924328e-7	Marco_LEC
Star	0.001231853684317699	0.4546789379526046	0.245	0.043	1	0.007408642945028172	0.2264113093865892	0.175	0.053	1	6.752581419133678e-6	0.3755037625469538	0.191	0.016	0.14082508549603284	0.007408642945028172	2.025760746564146e-5	Marco_LEC
9930111J21Rik2	2.4081269854987147e-5	0.5578361817757554	0.773	0.487	0.502214882825757	7.572939433213463e-5	0.519007197404365	0.714	0.455	1	0.007446337510221983	0.2459478523450534	0.564	0.369	1	0.007446337510221983	7.224206985625276e-5	FRC
Gm11131	0.0069333708980469	0.3860335681282169	0.264	0.087	1	0.008350540319104363	0.3585720860983933	0.25	0.124	1	1.37105126835025e-4	0.4438560129809116	0.273	0.093	1	0.008350540319104363	4.1125898963493873e-4	Marco_LEC
Arl6ip1	0.008730694602849597	0.36030694936192575	0.698	0.638	1	7.1678823623794544e-6	0.4216015105695854	0.787	0.619	0.14948618666742353	6.576887118267704e-6	0.4681108021604652	0.682	0.574	0.13716098085147296	0.008730694602849597	1.9730531588755087e-5	Marco_LEC
Sdad1	0.010307054806099825	0.5554292628685109	0.453	0.319	1	4.1607832136564254e-8	0.69137641925744	0.45	0.115	8.677313392080476e-4	4.272060630415389e-5	0.5884483008047752	0.391	0.194	0.8909382444731293	0.010307054806099825	1.2482349121605752e-7	Marco_LEC
mt-Nd5	5.565424197232455e-9	0.46870589222531867	1	0.887	1.1606692163328284e-4	3.7979419901041025e-5	0.3759575689015737	1	0.894	0.7920608020362105	0.010388333700829505	0.24258934665127718	0.897	0.834	1	0.010388333700829505	1.6696272498775573e-8	FRC
Gcg	0.0036355272609114374	0.3509939728451934	0.245	0.058	1	0.010757840287697404	0.22339708047362117	0.1	0.018	1	5.031685221102471e-4	0.2983027278992588	0.164	0.031	1	0.010757840287697404	0.0015087461580372973	Marco_LEC
mt-Nd2	4.957263014247799e-6	0.42202156496407794	1	0.944	0.10338372016213786	5.715511401927526e-5	0.3499415850675063	1	0.93	1	0.010823145811700028	0.24317721234866307	0.947	0.922	1	0.010823145811700028	1.4871715319495437e-5	PvC
mt-Nd4l	4.4476282199941675e-8	0.7598293351772661	1	0.606	9.275528652797836e-4	1.7336388793545878e-4	0.4980970200912894	0.929	0.574	1	0.011204995431911464	0.3520916985312975	0.737	0.499	1	0.011204995431911464	1.3342884066540576e-7	PvC
Klhl33	0.002012457741613301	0.34373300596440526	0.132	0	1	0.012086592792575235	0.1589959727946974	0.1	0.018	1	0.0015473732889030604	0.31406722291571987	0.127	0.023	1	0.012086592792575235	0.004634940479398596	Marco_LEC
Vamp1	0.004383187799819994	0.325751604935564	0.151	0.014	1	0.004624537046426822	0.24788474846359188	0.112	0.018	1	0.012344947810064791	0.21763922349288467	0.1	0.023	1	0.012344947810064791	0.013092010604868162	Marco_LEC
mt-Nd4l	1.7736746570652505e-6	0.47743519827262637	0.955	0.785	0.0369899849730958	0.004979101990036279	0.34214083370392323	0.893	0.754	1	0.013208343923896837	0.23223564816456332	0.795	0.674	1	0.013208343923896837	5.321014533435958e-6	FRC
Nufip2	0.0028223555204564227	0.48868975402999004	0.623	0.522	1	0.013332594089625244	0.34402397176389654	0.575	0.513	1	6.567288827267834e-5	0.5508964944492822	0.518	0.357	1	0.013332594089625244	1.9700572631651509e-4	Marco_LEC
2610037D02Rik	0.0034444098882337555	0.5338231333307664	0.358	0.159	1	0.014502121846630774	0.31380215440037484	0.262	0.142	1	1.9889638187541543e-6	0.5445166890554995	0.255	0.047	0.04147984044011789	0.014502121846630774	5.966879588339108e-6	Marco_LEC
Gm26917	3.5947899770222078e-6	0.5866626225281868	0.75	0.282	0.07496934497079814	7.182093948937774e-9	0.827909783527399	0.929	0.335	1.4978256930509728e-4	0.014962336859565172	0.6211347609795352	0.474	0.291	1	0.014962336859565172	2.1546281692065954e-8	PvC
Themis	0.015701539773894733	0.2769016641636834	0.151	0.029	1	5.661511527054447e-4	0.24636042075518094	0.125	0.009	1	0.00985836543961687	0.22161519395990148	0.145	0.047	1	0.015701539773894733	0.0016974920582000076	Marco_LEC
Sdad1	3.104317064784262e-5	0.5300044541654263	0.727	0.437	0.6474053238607578	0.015810033477302504	0.22595322825799508	0.607	0.424	1	0.014094209169604665	0.22203927490501502	0.513	0.348	1	0.015810033477302504	9.312662093811175e-5	FRC
mt-Atp8	0.01776307656208494	0.46698078616508953	0.434	0.261	1	4.1103137429408554e-5	0.6414509606897626	0.5	0.292	0.8572059310903154	0.003989843305138504	0.422286397965907	0.318	0.178	1	0.01776307656208494	1.2330434395394844e-4	Marco_LEC
Tnfaip6	8.128186492635356e-5	0.6887709087966053	0.491	0.188	1	0.005154818322735125	0.4026919906022838	0.35	0.204	1	0.018529293527848514	0.3346886943432117	0.382	0.271	1	0.018529293527848514	2.438257750913712e-4	Marco_LEC
P4ha1	0.01907246886877686	0.5038281138955664	0.321	0.188	1	5.639574119770847e-4	0.4627921802342023	0.362	0.177	1	9.37547047987122e-5	0.600104607003102	0.409	0.24	1	0.01907246886877686	0.00028123774538621954	Marco_LEC
Ppef2	3.591904207485269e-4	0.44883643094280246	0.208	0.014	1	1.8315536265069015e-7	0.5607506179895552	0.312	0.035	0.003819705088080143	0.01986537473097056	0.1805671484018711	0.109	0.031	1	0.01986537473097056	5.494659873144158e-7	Marco_LEC
Ccnl2	4.190756686457459e-5	0.6778337247957075	0.642	0.406	0.8739823069607031	0.020373038072025475	0.38066770909836456	0.525	0.478	1	3.886671506330248e-6	0.6243271521862798	0.555	0.388	0.08105653426451732	0.020373038072025475	1.1659969200403259e-5	Marco_LEC
mt-Nd5	3.2272584538006227e-6	0.5964013533193429	1	0.788	0.06730447505401199	8.697830979249741e-5	0.46462554807169987	1	0.784	1	0.02323636994600674	0.31786313398382227	0.842	0.725	1	0.02323636994600674	9.681744115844086e-6	PvC
Fxyd1	0.006205827111832881	0.5536959250303408	0.5	0.275	1	0.0037464612448707153	0.5331087301236028	0.571	0.318	1	0.02353692230691647	0.3064640596784914	0.474	0.243	1	0.02353692230691647	0.011197328404258796	PvC
mt-Nd6	0.0010705873444789204	0.5745811580918644	0.396	0.159	1	9.735019698435298e-5	0.5586708224765097	0.4	0.186	1	0.02454835196781739	0.30538687567471046	0.209	0.109	1	0.02454835196781739	2.92022160693094e-4	Marco_LEC
Col1a2	8.390718911271966e-4	0.6395422077396407	0.434	0.203	1	4.7899487883697055e-5	0.529179670057184	0.438	0.177	0.9989438198145021	0.024657682518619873	0.2609134368956778	0.564	0.465	1	0.024657682518619873	1.4369158067817117e-4	Marco_LEC
Btbd2	0.012327098884148638	0.3926209436710412	0.151	0.029	1	0.018588038888416165	0.29057149119613157	0.175	0.071	1	0.025533000323632427	0.3257596811743146	0.145	0.062	1	0.025533000323632427	0.03652729774523514	Marco_LEC
AY036118	0.02614996866458828	0.24334965941901898	0.906	0.826	1	5.409859281038934e-5	0.39082234879306377	0.875	0.743	1	0.00018179038073530156	0.26946715134232857	0.836	0.822	1	0.02614996866458828	1.6228699861626372e-4	Marco_LEC
mt-Nd1	0.02662867464967563	0.5209986550899048	1	0.878	1	0.0011915211139569867	0.34765699984358944	0.857	0.836	1	2.6042925612353916e-4	0.18716451821026947	0.87	0.887	1	0.02662867464967563	7.810843158414791e-4	BEC
Wls	0.024903578642144663	0.3370481970409773	0.5	0.272	1	0.012942883279030221	0.24529414408735484	0.571	0.289	1	0.02721142883697338	0.3661992987874043	0.421	0.238	1	0.02721142883697338	0.03832826332323348	PvC
Trim5	0.02772001168179516	0.30580462698796435	0.208	0.072	1	0.020284335244569983	0.2543473742756609	0.225	0.106	1	1.9223798959633445e-4	0.40432805186251086	0.255	0.078	1	0.02772001168179516	5.766031095593119e-4	Marco_LEC
Tmem109	0.030616651149666347	0.34178567522706016	0.375	0.206	1	0.014223306415814988	0.24158915229703162	0.429	0.182	1	0.018718618350056	0.2713787588034121	0.368	0.167	1	0.030616651149666347	0.04206588932092004	PvC
Cavin1	0.031101883919351325	0.4136836312038146	0.75	0.524	1	0.019310806393226666	0.3674080356364393	0.857	0.542	1	0.01010467786952344	0.41084230856310056	0.737	0.522	1	0.031101883919351325	0.030008751797261386	PvC
Fam129a	1.2121003737076296e-4	0.3344515446428757	0.25	0.047	1	5.268479007547507e-8	0.3409596744106566	0.357	0.046	0.0010987412970240326	0.031211940172949357	0.20271584443608295	0.158	0.051	1	0.031211940172949357	1.5805436189936384e-7	PvC
Tnrc6b	1.5867560334087424e-4	0.6953454400013122	0.434	0.159	1	0.03130223816622453	0.3586264441235768	0.438	0.354	1	5.465820697801231e-4	0.4904270045637602	0.445	0.302	1	0.03130223816622453	4.759512801764617e-4	Marco_LEC
Gm43653	0.03214648239379855	0.24453553776842624	0.132	0.029	1	5.9371753817418966e-5	0.3406938199434026	0.2	0.027	1	3.951647939882783e-4	0.3062352995831762	0.155	0.023	1	0.03214648239379855	1.7810468664608846e-4	Marco_LEC
Ntrk3	2.588385137726609e-9	0.3953815264361585	0.312	0.035	5.3980772047288426e-5	0.026433643245421332	0.20780622549501473	0.143	0.035	1	0.032521199535124314	0.19075935521975337	0.105	0.027	1	0.032521199535124314	7.76515539308063e-9	PvC
Mknk2	0.023868209266383993	0.415988907677424	0.396	0.246	1	1.2128564732147357e-4	0.518309840537226	0.425	0.221	1	0.033902898688592024	0.3678325910395474	0.318	0.248	1	0.033902898688592024	3.638128131238192e-4	Marco_LEC
Itgb6	0.034996901041142135	0.18476795973729107	0.132	0.029	1	0.007858527736901107	0.15875353106796575	0.125	0.027	1	4.042740125202596e-5	0.30287509446757277	0.145	0.008	0.8431134531110014	0.034996901041142135	1.2127730069783531e-4	Marco_LEC
Mybl1	0.011199730903644933	0.3159570814647219	0.189	0.043	1	0.03510352834022103	0.22417858160101004	0.138	0.053	1	8.649081453922373e-5	0.3541927277054594	0.155	0.016	1	0.03510352834022103	2.594500022816807e-4	Marco_LEC
Cpxm2	1.815866295913428e-6	0.4314991441426114	0.25	0.033	0.03786989160127454	1.9087334545490482e-4	0.42785503411168824	0.214	0.034	1	0.03558869613647943	0.22441002586182196	0.105	0.027	1	0.03558869613647943	5.44758899563505e-6	PvC
Gtf2b	0.0038932341549493686	0.4842779052753458	0.415	0.203	1	1.807702758413588e-4	0.49787511986601	0.362	0.159	1	0.03797637474488342	0.32563103552892875	0.273	0.186	1	0.03797637474488342	5.422127997533852e-4	Marco_LEC
Gbp2b	0.03806036175417401	0.22002672650894414	0.132	0.029	1	0.004803366625514459	0.22426178739226338	0.15	0.035	1	4.261510590195854e-5	0.37461418104478916	0.2	0.031	0.8887380335853453	0.03806036175417401	1.2783986964151343e-4	Marco_LEC
Gm17435	0.03386233997371707	0.3270013652038003	0.17	0.058	1	0.03834591554575685	0.17701747198692555	0.162	0.071	1	0.0019266348934514521	0.2834996731528016	0.136	0.031	1	0.03834591554575685	0.005768776065834836	Marco_LEC
Itga8	1.8584021302230064e-6	0.4300510814410709	0.25	0.034	0.038756976425800796	1.025679745623707e-6	0.31882491732664575	0.286	0.037	0.02139055109498241	0.038374428804577136	0.19428361417633175	0.105	0.028	1	0.038374428804577136	3.077036080815378e-6	PvC
Rif1	3.095258874892806e-5	0.5531303550447317	0.727	0.403	0.6455162383588947	0.015532450318843096	0.3695614849553923	0.536	0.392	1	0.03848114160081846	0.2248549805706121	0.487	0.363	1	0.03848114160081846	9.28548920881879e-5	FRC
Cst3	0.039875393230285654	0.22980028495047478	0.875	0.837	1	0.024832323859118818	0.2894730956980194	1	0.827	1	0.024124073446927987	0.2709818375023987	0.895	0.844	1	0.039875393230285654	0.0706403470909758	PvC
mt-Nd6	7.503179048635579e-4	0.7018694179312249	0.302	0.108	1	0.005956914299128881	0.5324003019075383	0.232	0.121	1	0.04163715023363864	0.3433966145800929	0.216	0.125	1	0.04163715023363864	0.0022492652061272904	unassigned-LEC
Gclc	0.011526440252248327	0.34417179552404253	0.208	0.058	1	0.017722302874192884	0.2572285645569118	0.138	0.044	1	0.04214663527551755	0.30979502958683525	0.173	0.093	1	0.04214663527551755	0.03418227567138609	Marco_LEC
mt-Cytb	0.04371359189187092	0.4875306089248048	1	0.904	1	1.4943543052087074e-6	0.4985152769175045	0.952	0.864	0.031164759035127592	1.6776581423003258e-7	0.3012959485932343	0.891	0.899	0.0034987560557673296	0.04371359189187092	5.032973582539966e-7	BEC
Klf7	0.025286533866468845	0.3441893082844968	0.604	0.551	1	0.04488161154278022	0.18899238959426645	0.662	0.664	1	7.767384545695004e-6	0.45959648264707675	0.655	0.566	0.1619888047004693	0.04488161154278022	2.3301972640765593e-5	Marco_LEC
Slc4a4	0.046563313480977545	0.3237724364179422	0.208	0.087	1	2.0182522340951207e-4	0.4314503360848954	0.288	0.088	1	2.545805513432679e-7	0.63166633529765	0.273	0.039	0.005309277398263853	0.046563313480977545	7.637414595960482e-7	Marco_LEC
